Id,ActivityDate,TotalSteps,TotalDistance,TrackerDistance,LoggedActivitiesDistance,VeryActiveDistance,ModeratelyActiveDistance,LightActiveDistance,SedentaryActiveDistance,VeryActiveMinutes,FairlyActiveMinutes,LightlyActiveMinutes,SedentaryMinutes
1503960366,3/25/2016,11004,7.110000133514401,7.110000133514401,0.0,2.5699999332428,0.46000000834465005,4.07000017166138,0.0,33,12,205,804
1503960366,3/26/2016,17609,11.5500001907349,11.5500001907349,0.0,6.92000007629395,0.730000019073486,3.91000008583069,0.0,89,17,274,588
1503960366,3/27/2016,12736,8.52999973297119,8.52999973297119,0.0,4.65999984741211,0.159999996423721,3.7100000381469704,0.0,56,5,268,605
1503960366,3/28/2016,13231,8.93000030517578,8.93000030517578,0.0,3.1900000572204603,0.790000021457672,4.949999809265139,0.0,39,20,224,1080
1503960366,3/29/2016,12041,7.849999904632571,7.849999904632571,0.0,2.16000008583069,1.0900000333786,4.6100001335144,0.0,28,28,243,763
1503960366,3/30/2016,10970,7.15999984741211,7.15999984741211,0.0,2.35999989509583,0.509999990463257,4.28999996185303,0.0,30,13,223,1174
1503960366,3/31/2016,12256,7.860000133514401,7.860000133514401,0.0,2.2899999618530296,0.490000009536743,5.03999996185303,0.0,33,12,239,820
1503960366,4/1/2016,12262,7.869999885559079,7.869999885559079,0.0,3.3199999332427996,0.8299999833106991,3.64000010490417,0.0,47,21,200,866
1503960366,4/2/2016,11248,7.25,7.25,0.0,3.0,0.44999998807907104,3.74000000953674,0.0,40,11,244,636
1503960366,4/3/2016,10016,6.369999885559079,6.369999885559079,0.0,0.910000026226044,1.27999997138977,4.17999982833862,0.0,15,30,314,655
1503960366,4/4/2016,14557,9.80000019073486,9.80000019073486,0.0,3.39000010490417,0.699999988079071,5.69000005722046,0.0,43,18,285,757
1503960366,4/5/2016,14844,9.72999954223633,9.72999954223633,0.0,2.9400000572204603,0.7599999904632572,6.03999996185303,0.0,36,18,341,736
1503960366,4/6/2016,11974,7.67000007629395,7.67000007629395,0.0,2.03999996185303,0.479999989271164,5.15000009536743,0.0,27,12,228,1173
1503960366,4/7/2016,10198,6.44000005722046,6.44000005722046,0.0,1.20000004768372,0.790000021457672,4.449999809265139,0.0,17,20,195,1208
1503960366,4/8/2016,12521,7.94000005722046,7.94000005722046,0.0,3.3099999427795397,0.8999999761581421,3.74000000953674,0.0,46,22,212,1160
1503960366,4/9/2016,12432,8.10000038146973,8.10000038146973,0.0,2.58999991416931,0.5899999737739561,4.92000007629395,0.0,32,15,248,738
1503960366,4/10/2016,10057,6.98000001907349,6.98000001907349,0.0,4.0,0.490000009536743,2.4800000190734903,0.0,44,13,168,737
1503960366,4/11/2016,10990,7.2600002288818395,7.2600002288818395,0.0,2.03999996185303,0.569999992847443,4.65000009536743,0.0,26,14,216,855
1503960366,4/12/2016,224,0.14000000059604598,0.14000000059604598,0.0,0.0,0.0,0.129999995231628,0.0,0,0,9,32
1624580081,3/25/2016,1810,1.17999994754791,1.17999994754791,0.0,0.0,0.0,1.12999999523163,0.00999999977648258,0,0,121,1319
1624580081,3/26/2016,815,0.5299999713897711,0.5299999713897711,0.0,0.0,0.0,0.5299999713897711,0.0,0,0,47,1393
1624580081,3/27/2016,1985,1.28999996185303,1.28999996185303,0.0,0.0,0.0,1.27999997138977,0.00999999977648258,0,0,112,1328
1624580081,3/28/2016,1905,1.24000000953674,1.24000000953674,0.0,0.0,0.0,1.24000000953674,0.0,0,0,95,1345
1624580081,3/29/2016,1552,1.00999999046326,1.00999999046326,0.0,0.0,0.0,1.0,0.0,0,0,66,1374
1624580081,3/30/2016,1675,1.0900000333786,1.0900000333786,0.0,0.0,0.0,1.0900000333786,0.0,0,0,84,1356
1624580081,3/31/2016,4506,2.9300000667572004,2.9300000667572004,0.0,0.509999990463257,0.270000010728836,2.15000009536743,0.00999999977648258,7,4,144,1285
1624580081,4/1/2016,9218,5.9899997711181605,5.9899997711181605,0.0,0.0,0.0,5.96999979019165,0.00999999977648258,0,0,221,1219
1624580081,4/2/2016,1556,1.00999999046326,1.00999999046326,0.0,0.0,0.0,1.00999999046326,0.00999999977648258,0,0,88,1352
1624580081,4/3/2016,2910,1.88999998569489,1.88999998569489,0.0,0.0,0.0,1.87999999523163,0.00999999977648258,0,0,157,1283
1624580081,4/4/2016,18464,12.0,12.0,0.0,0.0,0.0,12.0,0.0,0,0,270,1170
1624580081,4/5/2016,1335,0.870000004768372,0.870000004768372,0.0,0.0,0.0,0.870000004768372,0.0,0,0,74,1366
1624580081,4/6/2016,1004,0.6499999761581421,0.6499999761581421,0.0,0.0,0.0,0.6499999761581421,0.0,0,0,55,1385
1624580081,4/7/2016,1111,0.720000028610229,0.720000028610229,0.0,0.0,0.0,0.720000028610229,0.0,0,0,54,1386
1624580081,4/8/2016,6344,4.11999988555908,4.11999988555908,0.0,0.0,0.0,4.099999904632569,0.0,0,0,143,1297
1624580081,4/9/2016,3572,2.3199999332428,2.3199999332428,0.0,0.0,0.0,2.2899999618530296,0.0299999993294477,0,0,122,1318
1624580081,4/10/2016,3910,2.5399999618530296,2.5399999618530296,0.0,0.46999999880790705,0.25,1.8099999427795401,0.00999999977648258,7,7,186,1240
1624580081,4/11/2016,10000,6.5,6.5,0.0,0.0,0.0,6.5,0.0,0,0,172,1268
1624580081,4/12/2016,6627,4.30999994277954,4.30999994277954,0.0,0.0,0.0,4.30999994277954,0.0,0,0,89,604
1644430081,4/1/2016,4636,3.41000008583069,3.41000008583069,0.0,0.0,0.779999971389771,2.5999999046325697,0.0299999993294477,0,16,586,838
1644430081,4/2/2016,20237,14.710000038147,14.710000038147,0.0,2.5699999332428,6.400000095367429,5.73000001907349,0.00999999977648258,34,141,347,918
1644430081,4/3/2016,12912,9.40999984741211,9.40999984741211,0.0,4.82999992370605,0.769999980926514,3.7899999618530296,0.0299999993294477,59,16,283,1082
1644430081,4/4/2016,2819,2.04999995231628,2.04999995231628,0.0,0.31000000238418607,0.170000001788139,1.5599999427795401,0.00999999977648258,4,4,87,1345
1644430081,4/5/2016,9921,7.21000003814697,7.21000003814697,0.0,0.34000000357627896,1.5199999809265101,5.3600001335144,0.0,5,35,219,1181
1644430081,4/6/2016,8046,5.849999904632571,5.849999904632571,0.0,1.28999996185303,2.11999988555908,2.4500000476837203,0.0,18,41,137,1244
1644430081,4/7/2016,11166,8.11999988555908,8.11999988555908,0.0,0.209999993443489,2.41000008583069,5.5,0.0,3,58,230,1149
1644430081,4/8/2016,7842,5.699999809265139,5.699999809265139,0.0,0.479999989271164,2.41000008583069,2.8099999427795397,0.0,7,43,161,1229
1644430081,4/9/2016,13840,10.0600004196167,10.0600004196167,0.0,1.30999994277954,3.72000002861023,5.03000020980835,0.0,18,81,192,1149
1644430081,4/10/2016,1329,0.970000028610229,0.970000028610229,0.0,0.0,0.0,0.970000028610229,0.0,0,0,35,207
1844505072,4/1/2016,6847,4.53000020980835,4.53000020980835,0.0,0.610000014305115,0.370000004768372,3.54999995231628,0.0,9,9,251,1171
1844505072,4/2/2016,5367,3.54999995231628,3.54999995231628,0.0,0.0,0.0,3.54999995231628,0.0,0,0,263,1177
1844505072,4/3/2016,2841,1.87999999523163,1.87999999523163,0.0,0.0,0.0,1.87999999523163,0.0,0,0,136,1114
1844505072,4/4/2016,0,0.0,0.0,0.0,0.0,0.0,0.0,0.0,0,0,0,669
1844505072,4/5/2016,0,0.0,0.0,0.0,0.0,0.0,0.0,0.0,0,0,0,1440
1844505072,4/6/2016,7,0.0,0.0,0.0,0.0,0.0,0.0,0.0,0,0,1,1439
1844505072,4/7/2016,6344,4.19000005722046,4.19000005722046,0.0,0.0,0.0,4.19000005722046,0.0,0,0,290,1150
1844505072,4/8/2016,5316,3.50999999046326,3.50999999046326,0.0,0.0,0.0,3.50999999046326,0.0,0,0,221,1219
1844505072,4/9/2016,4979,3.2899999618530296,3.2899999618530296,0.0,0.0,0.0,3.2899999618530296,0.0,0,0,184,620
1844505072,4/10/2016,6556,4.34000015258789,4.34000015258789,0.0,0.0,0.0,4.32999992370605,0.0,0,0,305,810
1844505072,4/11/2016,5430,3.58999991416931,3.58999991416931,0.0,0.0,0.0,3.58999991416931,0.0,0,0,251,1189
1844505072,4/12/2016,0,0.0,0.0,0.0,0.0,0.0,0.0,0.0,0,0,0,426
1927972279,4/1/2016,4317,2.99000000953674,2.99000000953674,0.0,0.0,0.370000004768372,2.61999988555908,0.0,0,11,192,854
1927972279,4/2/2016,5662,3.92000007629395,3.92000007629395,0.0,0.0,0.0,3.92000007629395,0.0,0,0,267,858
1927972279,4/3/2016,3198,2.2100000381469704,2.2100000381469704,0.0,0.0,0.0,2.2100000381469704,0.0,0,0,146,1183
1927972279,4/4/2016,2352,1.62999999523163,1.62999999523163,0.0,0.0,0.0,1.62999999523163,0.0,0,0,128,829
1927972279,4/5/2016,2234,1.54999995231628,1.54999995231628,0.0,0.0,0.0,1.54999995231628,0.0,0,0,108,912
1927972279,4/6/2016,1259,0.870000004768372,0.870000004768372,0.0,0.0,0.0,0.870000004768372,0.0,0,0,73,938
1927972279,4/7/2016,768,0.5299999713897711,0.5299999713897711,0.0,0.0,0.0,0.5299999713897711,0.0,0,0,43,1397
1927972279,4/8/2016,519,0.36000001430511497,0.36000001430511497,0.0,0.0,0.0,0.36000001430511497,0.0,0,0,34,1406
1927972279,4/9/2016,2523,1.75,1.75,0.0,0.0,0.370000004768372,1.37999999523163,0.0,0,9,134,1250
1927972279,4/10/2016,2105,1.46000003814697,1.46000003814697,0.0,0.0,0.0,1.46000003814697,0.0,0,0,139,805
1927972279,4/11/2016,1209,0.839999973773956,0.839999973773956,0.0,0.0,0.0,0.839999973773956,0.0,0,0,73,842
1927972279,4/12/2016,24,0.0199999995529652,0.0199999995529652,0.0,0.0,0.0,0.0199999995529652,0.0,0,0,3,161
2022484408,4/1/2016,13603,9.60000038146973,9.60000038146973,0.0,5.46000003814697,0.6299999952316279,3.50999999046326,0.0,72,16,213,1139
2022484408,4/2/2016,5477,3.83999991416931,3.83999991416931,0.0,0.0,0.0,3.83999991416931,0.0,0,0,237,1203
2022484408,4/3/2016,11144,7.82000017166138,7.82000017166138,0.0,1.78999996185303,0.8899999856948849,5.1399998664856,0.0,25,22,279,1114
2022484408,4/4/2016,15313,11.0,11.0,0.0,5.019999980926509,1.28999996185303,4.69000005722046,0.0,62,19,233,1126
2022484408,4/5/2016,10805,7.59000015258789,7.59000015258789,0.0,0.720000028610229,0.980000019073486,5.889999866485599,0.0,36,37,298,1069
2022484408,4/6/2016,15392,10.9300003051758,10.9300003051758,0.0,3.4300000667572004,1.75,5.75,0.0,47,42,258,1093
2022484408,4/7/2016,18247,13.8299999237061,13.8299999237061,0.0,7.110000133514401,2.2100000381469704,4.51000022888184,0.0,72,62,252,1054
2022484408,4/8/2016,13023,9.26000022888184,9.26000022888184,0.0,3.2300000190734903,0.560000002384186,5.46999979019165,0.0,40,12,296,1092
2022484408,4/9/2016,16267,12.5900001525879,12.5900001525879,0.0,5.75,0.46999999880790705,6.369999885559079,0.0,44,16,302,1078
2022484408,4/10/2016,10005,7.01999998092651,7.01999998092651,0.0,0.0799999982118607,1.04999995231628,5.900000095367429,0.0,1,23,339,1077
2022484408,4/11/2016,10106,7.09000015258789,7.09000015258789,0.0,1.21000003814697,0.560000002384186,5.32999992370605,0.0,41,16,272,1111
2022484408,4/12/2016,6717,4.71999979019165,4.71999979019165,0.0,3.2300000190734903,0.219999998807907,1.26999998092651,0.0,41,5,67,551
2026352035,4/1/2016,2605,1.62000000476837,1.62000000476837,0.0,0.0,0.0,1.62000000476837,0.0,0,0,166,729
2026352035,4/2/2016,1229,0.7599999904632572,0.7599999904632572,0.0,0.0,0.0,0.7599999904632572,0.0,0,0,69,795
2026352035,4/3/2016,2308,1.42999994754791,1.42999994754791,0.0,0.0,0.0,1.42999994754791,0.0,0,0,115,720
2026352035,4/4/2016,6679,4.1399998664856,4.1399998664856,0.0,0.0,0.0,4.1399998664856,0.0,0,0,263,644
2026352035,4/5/2016,5645,3.5,3.5,0.0,0.0,0.0,3.5,0.0,0,0,248,621
2026352035,4/6/2016,3180,1.9700000286102302,1.9700000286102302,0.0,0.0,0.0,1.9700000286102302,0.0,0,0,185,738
2026352035,4/7/2016,2767,1.7200000286102302,1.7200000286102302,0.0,0.0,0.0,1.7200000286102302,0.0,0,0,170,673
2026352035,4/8/2016,3762,2.32999992370605,2.32999992370605,0.0,0.0,0.0,2.32999992370605,0.0,0,0,173,719
2026352035,4/9/2016,3098,1.91999995708466,1.91999995708466,0.0,0.0,0.0,1.91999995708466,0.0,0,0,185,700
2026352035,4/10/2016,5142,3.1900000572204603,3.1900000572204603,0.0,0.0,0.0,3.1900000572204603,0.0,0,0,230,654
2026352035,4/11/2016,3279,2.02999997138977,2.02999997138977,0.0,0.0,0.0,2.02999997138977,0.0,0,0,164,694
2026352035,4/12/2016,1019,0.6299999952316279,0.6299999952316279,0.0,0.0,0.0,0.6299999952316279,0.0,0,0,64,223
2320127002,4/1/2016,0,0.0,0.0,0.0,0.0,0.0,0.0,0.0,0,0,0,1440
2320127002,4/2/2016,0,0.0,0.0,0.0,0.0,0.0,0.0,0.0,0,0,0,1440
2320127002,4/3/2016,0,0.0,0.0,0.0,0.0,0.0,0.0,0.0,0,0,0,1440
2320127002,4/4/2016,0,0.0,0.0,0.0,0.0,0.0,0.0,0.0,0,0,0,1440
2320127002,4/5/2016,4931,3.3199999332427996,3.3199999332427996,0.0,0.0,0.0,3.3199999332427996,0.0,0,0,175,1265
2320127002,4/6/2016,6999,4.71999979019165,4.71999979019165,0.0,0.0,0.0,4.71999979019165,0.0,0,0,320,1120
2320127002,4/7/2016,1846,1.24000000953674,1.24000000953674,0.0,0.0,0.0,1.24000000953674,0.0,0,0,93,1347
2320127002,4/8/2016,3417,2.2999999523162797,2.2999999523162797,0.0,0.0,0.0,2.2999999523162797,0.0,0,0,153,1287
2320127002,4/9/2016,4863,3.27999997138977,3.27999997138977,0.0,0.0599999986588955,0.419999986886978,2.79999995231628,0.0,1,11,208,1220
2320127002,4/10/2016,2277,1.5299999713897698,1.5299999713897698,0.0,0.0,0.0,1.5299999713897698,0.0,0,0,103,1337
2320127002,4/11/2016,11230,7.67000007629395,7.67000007629395,0.0,0.8899999856948849,0.119999997317791,6.65999984741211,0.0,10,2,390,1038
2320127002,4/12/2016,2098,1.4099999666213998,1.4099999666213998,0.0,0.0,0.0,1.4099999666213998,0.0,0,0,69,617
2347167796,3/29/2016,10272,6.78999996185303,6.78999996185303,0.0,0.159999996423721,3.1199998855590803,3.5,0.0,2,58,208,700
2347167796,3/30/2016,10533,7.099999904632571,7.099999904632571,0.0,1.7699999809265101,2.05999994277954,3.2699999809265097,0.0,21,35,255,615
2347167796,3/31/2016,6760,4.46999979019165,4.46999979019165,0.0,0.0,0.0,4.46999979019165,0.0,0,0,250,613
2347167796,4/1/2016,8328,5.5100002288818395,5.5100002288818395,0.0,0.0,2.0,3.5,0.0,0,33,212,804
2347167796,4/2/2016,15459,10.2200002670288,10.2200002670288,0.0,3.58999991416931,0.8100000023841859,5.82000017166138,0.0,51,16,327,583
2347167796,4/3/2016,7485,4.949999809265139,4.949999809265139,0.0,0.0,0.0,4.949999809265139,0.0,0,0,324,491
2347167796,4/4/2016,10254,6.800000190734861,6.800000190734861,0.0,1.41999995708466,1.23000001907349,4.15999984741211,0.0,21,25,231,638
2347167796,4/5/2016,10114,6.82000017166138,6.82000017166138,0.0,1.63999998569489,0.479999989271164,4.67999982833862,0.0,18,9,269,696
2347167796,4/6/2016,11107,7.34000015258789,7.34000015258789,0.0,0.8999999761581421,2.75999999046326,3.6800000667572004,0.0,14,46,196,759
2347167796,4/7/2016,10320,6.849999904632571,6.849999904632571,0.0,0.680000007152557,1.23000001907349,4.94000005722046,0.0,15,32,315,1002
2347167796,4/8/2016,10209,6.75,6.75,0.0,0.159999996423721,0.349999994039536,6.23000001907349,0.0,2,6,316,711
2347167796,4/9/2016,16081,10.6300001144409,10.6300001144409,0.0,1.25,1.82000005245209,7.55999994277954,0.0,16,32,401,970
2347167796,4/10/2016,10078,6.82999992370605,6.82999992370605,0.0,1.01999998092651,0.119999997317791,5.69000005722046,0.0,12,3,303,463
2347167796,4/11/2016,10001,6.610000133514401,6.610000133514401,0.0,0.33000001311302196,2.9300000667572004,3.35999989509583,0.0,5,52,196,788
2347167796,4/12/2016,0,0.0,0.0,0.0,0.0,0.0,0.0,0.0,0,0,0,425
2873212765,4/1/2016,890,0.6000000238418579,0.6000000238418579,0.0,0.0,0.0,0.6000000238418579,0.0,0,0,41,1399
2873212765,4/2/2016,2214,1.4900000095367398,1.4900000095367398,0.0,0.0,0.0,1.4900000095367398,0.0,0,0,197,1243
2873212765,4/3/2016,7640,5.13000011444092,5.13000011444092,0.0,0.189999997615814,0.8000000119209291,4.150000095367431,0.0,3,15,315,1107
2873212765,4/4/2016,9713,6.53000020980835,6.53000020980835,0.0,0.34000000357627896,0.8899999856948849,5.28999996185303,0.0,6,24,355,1055
2873212765,4/5/2016,8432,5.67000007629395,5.67000007629395,0.0,0.0,0.0,5.650000095367429,0.00999999977648258,0,0,374,1066
2873212765,4/6/2016,7350,4.94000005722046,4.94000005722046,0.0,0.0,0.0,4.94000005722046,0.0,0,0,382,1058
2873212765,4/7/2016,9353,6.30999994277954,6.30999994277954,0.0,0.370000004768372,0.6899999976158139,5.23999977111816,0.0,5,17,363,1055
2873212765,4/8/2016,7157,4.80999994277954,4.80999994277954,0.0,0.0,0.0,4.80999994277954,0.0,0,0,380,1060
2873212765,4/9/2016,14103,9.5600004196167,9.5600004196167,0.0,3.0199999809265097,0.40999999642372104,6.139999866485599,0.00999999977648258,46,8,288,1098
2873212765,4/10/2016,5290,3.54999995231628,3.54999995231628,0.0,0.0399999991059303,0.34000000357627896,3.17000007629395,0.0,1,8,251,1180
2873212765,4/11/2016,7497,5.03999996185303,5.03999996185303,0.0,0.0,0.0,5.03999996185303,0.0,0,0,357,882
2873212765,4/12/2016,0,0.0,0.0,0.0,0.0,0.0,0.0,0.0,0,0,0,1440
2891001357,3/29/2016,0,0.0,0.0,0.0,0.0,0.0,0.0,0.0,0,0,0,1440
2891001357,3/30/2016,0,0.0,0.0,0.0,0.0,0.0,0.0,0.0,0,0,0,1440
2891001357,3/31/2016,0,0.0,0.0,0.0,0.0,0.0,0.0,0.0,0,0,0,1440
2891001357,4/1/2016,0,0.0,0.0,4.82803201675415,0.0,0.0,0.0,0.0,0,660,0,780
2891001357,4/2/2016,4126,3.22000002861023,0.0,3.21868801116943,0.0,0.0,3.22000002861023,0.0,0,0,720,720
2891001357,4/3/2016,0,0.0,0.0,0.0,0.0,0.0,0.0,0.0,0,0,0,1440
2891001357,4/4/2016,0,0.0,0.0,0.0,0.0,0.0,0.0,0.0,0,0,0,1440
2891001357,4/5/2016,2063,1.61000001430511,0.0,1.6093440055847201,0.0,0.0,1.61000001430511,0.0,0,0,630,99
3372868164,4/1/2016,5785,3.95000004768372,3.95000004768372,0.0,0.0,0.0,3.91000008583069,0.0399999991059303,0,0,311,1129
3372868164,4/2/2016,7625,5.230000019073491,5.230000019073491,0.0,1.67999994754791,0.0399999991059303,3.5,0.00999999977648258,24,1,341,1074
3372868164,4/3/2016,4706,3.2100000381469704,3.2100000381469704,0.0,0.0,0.0,3.2100000381469704,0.0,0,0,299,1141
3372868164,4/4/2016,5861,4.019999980926509,4.019999980926509,0.0,1.29999995231628,0.219999998807907,2.49000000953674,0.00999999977648258,20,7,233,1180
3372868164,4/5/2016,4460,3.0399999618530296,3.0399999618530296,0.0,0.0,0.0,3.0199999809265097,0.0299999993294477,0,0,248,1192
3372868164,4/6/2016,6406,4.3899998664856,4.3899998664856,0.0,0.779999971389771,0.0900000035762787,3.5199999809265097,0.00999999977648258,17,4,325,1094
3372868164,4/7/2016,7392,5.09999990463257,5.09999990463257,0.0,0.870000004768372,0.159999996423721,4.05000019073486,0.0199999995529652,14,9,332,1085
3372868164,4/8/2016,5551,3.7899999618530296,3.7899999618530296,0.0,0.0,0.0,3.7699999809265097,0.00999999977648258,0,0,282,1158
3372868164,4/9/2016,8827,6.25,6.25,0.0,1.7699999809265101,0.479999989271164,4.0,0.00999999977648258,21,10,346,1063
3372868164,4/10/2016,4662,3.1800000667572004,3.1800000667572004,0.0,1.03999996185303,0.150000005960464,1.9900000095367398,0.0,22,4,152,735
3977333714,4/1/2016,4499,3.00999999046326,3.00999999046326,0.0,0.0,0.0,3.00999999046326,0.0,0,0,168,842
3977333714,4/2/2016,7618,5.09999990463257,5.09999990463257,0.0,0.0,0.180000007152557,4.90999984741211,0.0,0,6,302,842
3977333714,4/3/2016,11508,7.699999809265139,7.699999809265139,0.0,2.17000007629395,0.839999973773956,4.69000005722046,0.0,29,22,282,748
3977333714,4/4/2016,11943,7.9899997711181605,7.9899997711181605,0.0,1.02999997138977,2.00999999046326,4.949999809265139,0.0,16,43,297,710
3977333714,4/5/2016,12303,8.22999954223633,8.22999954223633,0.0,1.71000003814697,1.35000002384186,5.17000007629395,0.0,26,32,291,605
3977333714,4/6/2016,15425,10.3199996948242,10.3199996948242,0.0,1.62000000476837,1.82000005245209,6.869999885559079,0.0,24,45,331,614
3977333714,4/7/2016,8422,5.630000114440921,5.630000114440921,0.0,0.0,3.5999999046325697,2.03999996185303,0.0,0,81,139,815
3977333714,4/8/2016,10226,6.84000015258789,6.84000015258789,0.0,0.0,4.44000005722046,2.4000000953674303,0.0,0,101,174,685
3977333714,4/9/2016,14583,9.76000022888184,9.76000022888184,0.0,2.4800000190734903,1.7400000095367398,5.53000020980835,0.0,35,36,254,697
3977333714,4/10/2016,3573,2.39000010490417,2.39000010490417,0.0,0.9399999976158141,0.40999999642372104,0.970000028610229,0.0,15,8,99,866
3977333714,4/11/2016,3108,2.14000010490417,2.14000010490417,0.0,0.0700000002980232,0.0399999991059303,1.96000003814697,0.0,1,1,129,894
3977333714,4/12/2016,759,0.569999992847443,0.569999992847443,0.0,0.0,0.0,0.569999992847443,0.0,0,0,17,187
4020332650,3/12/2016,5543,3.97000002861023,3.97000002861023,0.0,0.0,0.0,3.9600000381469704,0.00999999977648258,0,0,254,757
4020332650,3/13/2016,3226,2.30999994277954,2.30999994277954,0.0,0.0,0.0,2.27999997138977,0.0,0,0,136,771
4020332650,3/14/2016,3023,2.17000007629395,2.17000007629395,0.0,0.0,0.0,2.14000010490417,0.0,0,0,145,1005
4020332650,3/15/2016,5906,4.230000019073491,4.230000019073491,0.0,0.0,0.159999996423721,4.03999996185303,0.0,0,10,215,874
4020332650,3/16/2016,12483,8.98999977111816,8.98999977111816,0.0,1.45000004768372,0.569999992847443,6.900000095367429,0.0,25,14,309,599
4020332650,3/17/2016,8940,6.40999984741211,6.40999984741211,0.0,0.0,0.0,0.610000014305115,0.0399999991059303,0,0,47,986
4020332650,3/18/2016,368,0.259999990463257,0.259999990463257,0.0,0.0,0.0,0.0,0.0,0,0,0,1440
4020332650,3/19/2016,5702,4.09000015258789,4.09000015258789,0.0,0.0,0.0,0.0,0.0,0,0,0,1440
4020332650,3/20/2016,10330,7.40999984741211,7.40999984741211,0.0,0.0,0.0,0.0,0.0,0,0,0,1440
4020332650,3/21/2016,8778,6.28999996185303,6.28999996185303,0.0,0.0,0.0,0.0,0.0,0,0,0,1440
4020332650,3/22/2016,6662,4.78000020980835,4.78000020980835,0.0,0.0,0.0,0.0,0.0,0,0,0,1440
4020332650,3/23/2016,6309,4.519999980926509,4.519999980926509,0.0,0.0,0.0,0.0,0.0,0,0,0,1440
4020332650,3/24/2016,1951,1.4099999666213998,1.4099999666213998,0.0,0.0,0.0,0.0,0.0,0,0,0,1440
4020332650,3/25/2016,5563,3.99000000953674,3.99000000953674,0.0,0.0,0.0,0.0,0.0,0,0,0,1440
4020332650,3/26/2016,4370,3.1300001144409197,3.1300001144409197,0.0,0.0,0.0,0.0,0.0,0,0,0,1440
4020332650,3/27/2016,7144,5.11999988555908,5.11999988555908,0.0,0.0,0.0,0.0,0.0,0,0,0,1440
4020332650,3/28/2016,2106,1.5099999904632602,1.5099999904632602,0.0,0.0199999995529652,0.0500000007450581,0.209999993443489,0.0,31,45,75,1289
4020332650,3/29/2016,4152,2.9800000190734903,2.9800000190734903,0.0,0.0,0.0,2.9600000381469704,0.0,0,0,187,1253
4020332650,3/30/2016,5400,3.8699998855590803,3.8699998855590803,0.0,0.0,0.0,3.8499999046325697,0.0,0,0,258,795
4020332650,3/31/2016,7428,5.32999992370605,5.32999992370605,0.0,0.870000004768372,0.9200000166893009,3.50999999046326,0.0,18,33,261,860
4020332650,4/1/2016,5351,3.83999991416931,3.83999991416931,0.0,0.6200000047683721,0.180000007152557,3.00999999046326,0.0,15,17,210,748
4020332650,4/2/2016,4299,3.0999999046325697,3.0999999046325697,0.0,0.0900000035762787,0.209999993443489,2.74000000953674,0.0399999991059303,3,15,162,752
4020332650,4/3/2016,6107,4.38000011444092,4.38000011444092,0.0,0.0,0.0,4.3600001335144,0.0,0,0,265,776
4020332650,4/4/2016,6429,4.59999990463257,4.59999990463257,0.0,0.0,0.9499999880790709,3.6500000953674303,0.0,0,28,193,741
4020332650,4/5/2016,6880,4.92999982833862,4.92999982833862,0.0,0.5,0.7599999904632572,3.6500000953674303,0.0,7,19,165,1249
4020332650,4/6/2016,7476,5.3600001335144,5.3600001335144,0.0,0.0,0.0,5.30999994277954,0.0,0,0,263,920
4020332650,4/7/2016,6581,4.71999979019165,4.71999979019165,0.0,0.0,0.28999999165535,4.3899998664856,0.0,0,8,241,1191
4020332650,4/8/2016,10480,7.5100002288818395,7.5100002288818395,0.0,0.40999999642372104,1.4700000286102302,5.01000022888184,0.0399999991059303,6,37,272,1125
4020332650,4/9/2016,7734,5.550000190734861,5.550000190734861,0.0,1.1599999666214,0.490000009536743,3.8199999332427996,0.0599999986588955,20,12,223,1185
4020332650,4/10/2016,5129,3.6800000667572004,3.6800000667572004,0.0,0.180000007152557,0.239999994635582,3.2100000381469704,0.00999999977648258,5,7,176,1178
4020332650,4/11/2016,2993,2.15000009536743,2.15000009536743,0.0,0.0,0.0,2.08999991416931,0.0,0,0,114,888
4020332650,4/12/2016,8,0.00999999977648258,0.00999999977648258,0.0,0.0,0.0,0.00999999977648258,0.0,0,0,1,321
4057192912,3/12/2016,0,0.0,0.0,0.0,0.0,0.0,0.0,0.0,0,0,0,1440
4057192912,3/13/2016,0,0.0,0.0,0.0,0.0,0.0,0.0,0.0,0,0,0,1440
4057192912,3/14/2016,8433,6.23000001907349,6.23000001907349,0.0,2.4500000476837203,0.33000001311302196,3.4400000572204603,0.0,30,7,135,1268
4057192912,3/15/2016,0,0.0,0.0,0.0,0.0,0.0,0.0,0.0,0,0,0,1440
4057192912,3/16/2016,2139,1.5599999427795401,1.5599999427795401,0.0,0.0,1.29999995231628,0.259999990463257,0.0,0,28,15,1397
4057192912,3/17/2016,0,0.0,0.0,0.0,0.0,0.0,0.0,0.0,0,0,0,1440
4057192912,3/18/2016,949,0.6899999976158139,0.6899999976158139,0.0,0.0,0.0,0.6899999976158139,0.0,0,0,34,1406
4057192912,3/19/2016,0,0.0,0.0,0.0,0.0,0.0,0.0,0.0,0,0,0,1440
4057192912,3/20/2016,44,0.0299999993294477,0.0299999993294477,0.0,0.0,0.0,0.0299999993294477,0.0,0,0,2,1438
4057192912,3/21/2016,2660,1.9400000572204599,1.9400000572204599,0.0,0.0,0.0,1.9400000572204599,0.0,0,0,46,1394
4057192912,3/22/2016,5561,4.19000005722046,4.19000005722046,0.0,0.0,0.0,4.07000017166138,0.0,0,0,169,1271
4057192912,3/23/2016,7239,5.34000015258789,5.34000015258789,0.0,0.550000011920929,0.36000001430511497,4.38000011444092,0.0,7,7,190,1236
4057192912,3/24/2016,7,0.00999999977648258,0.00999999977648258,0.0,0.0,0.0,0.00999999977648258,0.0,0,0,1,1439
4057192912,3/25/2016,0,0.0,0.0,0.0,0.0,0.0,0.0,0.0,0,0,0,1440
4057192912,3/26/2016,0,0.0,0.0,0.0,0.0,0.0,0.0,0.0,0,0,0,1440
4057192912,3/27/2016,2275,1.67999994754791,1.67999994754791,0.0,0.0,0.0,1.6599999666213998,0.0,0,0,86,1354
4057192912,3/28/2016,8,0.00999999977648258,0.00999999977648258,0.0,0.0,0.0,0.00999999977648258,0.0,0,0,1,1439
4057192912,3/29/2016,5137,3.75999999046326,3.75999999046326,0.0,0.0,0.0,3.75999999046326,0.0,0,0,160,1280
4057192912,3/30/2016,5419,4.0,4.57000017166138,0.055842999368906,0.0,0.0,3.91000008583069,0.0599999986588955,0,0,145,1295
4057192912,3/31/2016,0,0.0,0.0,0.0,0.0,0.0,0.0,0.0,0,0,0,1440
4057192912,4/1/2016,0,0.0,0.0,0.0,0.0,0.0,0.0,0.0,0,0,0,1440
4057192912,4/2/2016,0,0.0,0.0,0.0,0.0,0.0,0.0,0.0,0,0,0,1440
4057192912,4/3/2016,0,0.0,0.0,0.0,0.0,0.0,0.0,0.0,0,0,0,1440
4057192912,4/4/2016,0,0.0,0.0,0.0,0.0,0.0,0.0,0.0,0,0,0,1440
4057192912,4/5/2016,0,0.0,0.0,0.0,0.0,0.0,0.0,0.0,0,0,0,1440
4057192912,4/6/2016,18,0.00999999977648258,0.00999999977648258,0.0,0.0,0.0,0.00999999977648258,0.0,0,0,2,1438
4057192912,4/7/2016,4,0.0,0.0,0.0,0.0,0.0,0.0,0.0,0,0,1,1439
4057192912,4/8/2016,8426,6.15999984741211,6.15999984741211,0.0,0.129999995231628,5.4899997711181605,0.540000021457672,0.0,2,120,25,1293
4057192912,4/9/2016,1650,1.21000003814697,1.21000003814697,0.0,0.0,0.0,1.21000003814697,0.0,0,0,60,1380
4057192912,4/10/2016,3434,2.50999999046326,2.50999999046326,0.0,0.0700000002980232,0.30000001192092896,2.14000010490417,0.0,1,7,108,1324
4057192912,4/11/2016,6801,4.980000019073491,4.980000019073491,0.0,0.0,0.0,4.96999979019165,0.0,0,0,193,1247
4057192912,4/12/2016,187,0.14000000059604598,0.14000000059604598,0.0,0.0,0.0,0.14000000059604598,0.0,0,0,11,400
4319703577,3/29/2016,5643,3.7899999618530296,3.7899999618530296,0.0,0.23000000417232502,0.33000001311302196,3.2300000190734903,0.0,3,8,199,683
4319703577,3/30/2016,9043,6.07000017166138,6.07000017166138,0.0,0.25,0.430000007152557,5.369999885559079,0.0,4,12,244,702
4319703577,3/31/2016,8144,5.46000003814697,5.46000003814697,0.0,0.25,0.610000014305115,4.6100001335144,0.0,4,17,247,1125
4319703577,4/1/2016,9343,6.26999998092651,6.26999998092651,0.0,0.959999978542328,0.8500000238418579,4.46000003814697,0.0,14,20,268,654
4319703577,4/2/2016,8405,5.65999984741211,5.65999984741211,0.0,1.12999999523163,0.189999997615814,4.34000015258789,0.0,15,4,257,621
4319703577,4/3/2016,8223,5.51999998092651,5.51999998092651,0.0,0.8000000119209291,1.5099999904632602,3.2100000381469704,0.0,12,37,257,551
4319703577,4/4/2016,10067,6.7600002288818395,6.7600002288818395,0.0,0.36000001430511497,1.41999995708466,4.96999979019165,0.0,5,39,313,578
4319703577,4/5/2016,8359,5.630000114440921,5.630000114440921,0.0,0.23000000417232502,0.5299999713897711,4.86999988555908,0.0,3,14,311,638
4319703577,4/6/2016,10946,7.349999904632571,7.349999904632571,0.0,0.540000021457672,2.08999991416931,4.71999979019165,0.0,8,51,308,569
4319703577,4/7/2016,9130,6.150000095367429,6.150000095367429,0.0,0.5,0.379999995231628,5.269999980926509,0.0,7,11,304,668
4319703577,4/8/2016,6544,4.40999984741211,4.40999984741211,0.0,0.28999999165535,0.259999990463257,3.85999989509583,0.0,4,6,276,1132
4319703577,4/9/2016,0,0.0,0.0,0.0,0.0,0.0,0.0,0.0,0,0,0,1440
4388161847,3/29/2016,0,0.0,0.0,0.0,0.0,0.0,0.0,0.0,0,0,0,1440
4388161847,3/30/2016,0,0.0,0.0,0.0,0.0,0.0,0.0,0.0,0,0,0,1440
4388161847,3/31/2016,0,0.0,0.0,0.0,0.0,0.0,0.0,0.0,0,0,0,1440
4388161847,4/1/2016,0,0.0,0.0,0.0,0.0,0.0,0.0,0.0,0,0,0,1440
4388161847,4/2/2016,0,0.0,0.0,0.0,0.0,0.0,0.0,0.0,0,0,0,1440
4388161847,4/3/2016,0,0.0,0.0,0.0,0.0,0.0,0.0,0.0,0,0,0,1440
4388161847,4/4/2016,0,0.0,0.0,0.0,0.0,0.0,0.0,0.0,0,0,0,1440
4388161847,4/5/2016,0,0.0,0.0,0.0,0.0,0.0,0.0,0.0,0,0,0,994
4445114986,3/29/2016,2303,1.54999995231628,1.54999995231628,0.0,0.0,0.0,1.54999995231628,0.0,0,0,155,807
4445114986,3/30/2016,2600,1.7400000095367398,1.7400000095367398,0.0,0.0,0.0,1.7400000095367398,0.0,0,0,163,1277
4445114986,3/31/2016,4804,3.22000002861023,3.22000002861023,0.0,0.0,0.0,3.22000002861023,0.0,0,0,238,786
4445114986,4/1/2016,3271,2.19000005722046,2.19000005722046,0.0,0.0,0.0,2.19000005722046,0.0,0,0,205,898
4445114986,4/2/2016,5406,3.6300001144409197,3.6300001144409197,0.0,0.0,0.0,3.60999989509583,0.0,0,0,273,672
4445114986,4/3/2016,3146,2.10999989509583,2.10999989509583,0.0,0.0,0.0,2.10999989509583,0.0,0,0,171,1269
4445114986,4/4/2016,2422,1.62999999523163,1.62999999523163,0.0,0.0,0.0,1.62999999523163,0.0,0,0,110,1330
4445114986,4/5/2016,4239,2.83999991416931,2.83999991416931,0.0,0.0599999986588955,0.239999994635582,2.52999997138977,0.0,1,6,235,702
4445114986,4/6/2016,6911,4.78000020980835,4.78000020980835,0.0,2.3199999332428,0.100000001490116,2.35999989509583,0.0,28,2,215,745
4445114986,4/7/2016,6667,4.6100001335144,4.6100001335144,0.0,2.01999998092651,0.0500000007450581,2.5499999523162797,0.0,24,1,208,939
4445114986,4/8/2016,5543,3.72000002861023,3.72000002861023,0.0,0.0,0.0,3.72000002861023,0.0,0,0,266,941
4445114986,4/9/2016,4195,2.8099999427795397,2.8099999427795397,0.0,0.0,0.0,2.8099999427795397,0.0,0,0,239,758
4445114986,4/10/2016,6625,4.449999809265139,4.449999809265139,0.0,0.0,0.0,4.449999809265139,0.0,0,0,316,755
4445114986,4/11/2016,5986,4.13000011444092,4.13000011444092,0.0,1.95000004768372,0.23000000417232502,1.95000004768372,0.0,23,5,195,789
4445114986,4/12/2016,278,0.189999997615814,0.189999997615814,0.0,0.0,0.0,0.189999997615814,0.0,0,0,20,253
4558609924,4/1/2016,5336,3.52999997138977,3.52999997138977,0.0,0.0,0.0,3.52999997138977,0.0,0,0,258,1182
4558609924,4/2/2016,3183,2.09999990463257,2.09999990463257,0.0,0.0,0.0,2.09999990463257,0.0,0,0,173,1180
4558609924,4/3/2016,6176,4.07999992370605,4.07999992370605,0.0,0.0700000002980232,0.259999990463257,3.75,0.0,1,7,269,886
4558609924,4/4/2016,8205,5.42000007629395,5.42000007629395,0.0,0.0,0.0,5.42000007629395,0.0,0,0,367,1073
4558609924,4/5/2016,6799,4.48999977111816,4.48999977111816,0.0,1.5900000333786002,0.8600000143051151,2.03999996185303,0.0,24,14,185,1217
4558609924,4/6/2016,5668,3.75,3.75,0.0,0.0,0.0,3.75,0.0,0,0,259,1181
4558609924,4/7/2016,7998,5.28999996185303,5.28999996185303,0.0,0.509999990463257,0.25,4.53000020980835,0.0,27,12,296,1105
4558609924,4/8/2016,4195,2.7699999809265097,2.7699999809265097,0.0,0.0,0.0,2.7699999809265097,0.0,0,0,241,1199
4558609924,4/9/2016,5512,3.64000010490417,3.64000010490417,0.0,0.0,0.0,3.64000010490417,0.0,0,0,276,1164
4558609924,4/10/2016,6263,4.1399998664856,4.1399998664856,0.0,0.0,0.0,4.13000011444092,0.0,0,0,290,1150
4558609924,4/11/2016,8828,5.84000015258789,5.84000015258789,0.0,0.0,0.0,5.84000015258789,0.0,0,0,308,1132
4558609924,4/12/2016,1260,0.8299999833106991,0.8299999833106991,0.0,0.0,0.0,0.819999992847443,0.0,0,0,76,555
4702921684,3/29/2016,6506,5.28000020980835,5.28000020980835,0.0,0.33000001311302196,0.270000010728836,4.67000007629395,0.0,4,5,241,760
4702921684,3/30/2016,7583,6.150000095367429,6.150000095367429,0.0,0.25,0.550000011920929,5.34999990463257,0.0,3,13,227,742
4702921684,3/31/2016,6963,5.650000095367429,5.650000095367429,0.0,0.0,0.0,5.650000095367429,0.0,0,0,256,759
4702921684,4/1/2016,7165,5.80999994277954,5.80999994277954,0.0,0.0,0.370000004768372,5.44000005722046,0.0,0,9,248,708
4702921684,4/2/2016,10328,8.38000011444092,8.38000011444092,0.0,0.0,1.46000003814697,6.92000007629395,0.0,0,32,367,475
4702921684,4/3/2016,12116,9.829999923706051,9.829999923706051,0.0,0.25,2.8499999046325697,6.71999979019165,0.0,3,57,323,471
4702921684,4/4/2016,7810,6.360000133514401,6.360000133514401,0.0,0.479999989271164,1.20000004768372,4.67999982833862,0.0,6,27,216,746
4702921684,4/5/2016,6670,5.40999984741211,5.40999984741211,0.0,1.24000000953674,0.8000000119209291,3.3699998855590803,0.0,15,16,199,770
4702921684,4/6/2016,7605,6.17999982833862,6.17999982833862,0.0,0.33000001311302196,0.209999993443489,5.630000114440921,0.0,4,4,248,708
4702921684,4/7/2016,6585,5.34000015258789,5.34000015258789,0.0,0.0,0.0,5.34000015258789,0.0,0,0,210,770
4702921684,4/8/2016,8184,6.639999866485599,6.639999866485599,0.0,0.0,0.6200000047683721,5.949999809265139,0.0,0,15,247,808
4702921684,4/9/2016,14002,11.359999656677198,11.359999656677198,0.0,0.610000014305115,2.6800000667572,8.060000419616701,0.0,8,56,381,407
4702921684,4/10/2016,11135,9.02999973297119,9.02999973297119,0.0,0.0799999982118607,1.1599999666214,7.78999996185303,0.0,1,25,331,528
4702921684,4/11/2016,6499,5.269999980926509,5.269999980926509,0.0,0.0,0.0,5.269999980926509,0.0,0,0,207,809
4702921684,4/12/2016,0,0.0,0.0,0.0,0.0,0.0,0.0,0.0,0,0,0,1440
5553957443,4/1/2016,12409,8.10000038146973,8.10000038146973,0.0,2.9000000953674303,0.6299999952316279,4.57999992370605,0.0,51,12,235,782
5553957443,4/2/2016,2937,1.91999995708466,1.91999995708466,0.0,0.0,0.0,1.9099999666213998,0.0,0,0,181,356
5553957443,4/3/2016,1515,0.9900000095367428,0.9900000095367428,0.0,0.0,0.0,0.9900000095367428,0.0,0,0,93,507
5553957443,4/4/2016,8921,5.880000114440921,5.880000114440921,0.0,2.0699999332428,0.439999997615814,3.35999989509583,0.0,27,8,198,754
5553957443,4/5/2016,11306,7.380000114440921,7.380000114440921,0.0,2.30999994277954,0.980000019073486,4.09000015258789,0.0,40,26,218,772
5553957443,4/6/2016,12252,8.0,8.0,0.0,2.41000008583069,1.70000004768372,3.89000010490417,0.0,33,28,229,745
5553957443,4/7/2016,15444,10.0799999237061,10.0799999237061,0.0,3.2699999809265097,1.7300000190734899,5.07999992370605,0.0,51,39,243,731
5553957443,4/8/2016,9938,6.4899997711181605,6.4899997711181605,0.0,2.14000010490417,1.27999997138977,3.07999992370605,0.0,38,24,193,767
5553957443,4/9/2016,4599,3.0,3.0,0.0,0.0,0.0,3.0,0.0,0,0,176,578
5553957443,4/10/2016,5594,3.6500000953674303,3.6500000953674303,0.0,0.280000001192093,1.4800000190734899,1.88999998569489,0.0,4,25,150,552
5553957443,4/11/2016,11906,7.76999998092651,7.76999998092651,0.0,2.25999999046326,1.5199999809265101,3.99000000953674,0.0,32,27,234,688
5553957443,4/12/2016,3436,2.24000000953674,2.24000000953674,0.0,0.5,0.6700000166893011,1.04999995231628,0.0,7,11,50,61
5577150313,4/1/2016,10461,7.869999885559079,7.869999885559079,0.0,4.76000022888184,0.8500000238418579,2.25,0.0,99,31,142,721
5577150313,4/2/2016,14873,11.109999656677198,11.109999656677198,0.0,8.189999580383299,0.6000000238418579,2.30999994277954,0.0,202,36,153,663
5577150313,4/3/2016,9917,7.40999984741211,7.40999984741211,0.0,1.9900000095367398,0.970000028610229,4.44000005722046,0.0,58,27,240,700
5577150313,4/4/2016,7401,5.55999994277954,5.55999994277954,0.0,2.3199999332428,0.36000001430511497,2.8800001144409197,0.0,70,19,204,689
5577150313,4/5/2016,8964,6.699999809265139,6.699999809265139,0.0,3.97000002861023,0.189999997615814,2.52999997138977,0.0,107,18,145,756
5577150313,4/6/2016,11080,8.300000190734862,8.300000190734862,0.0,3.1300001144409197,1.37000000476837,3.8099999427795397,0.0,83,52,190,695
5577150313,4/7/2016,4499,3.35999989509583,3.35999989509583,0.0,0.8899999856948849,0.259999990463257,2.2100000381469704,0.0,31,11,146,756
5577150313,4/8/2016,4363,3.25999999046326,3.25999999046326,0.0,0.129999995231628,0.0599999986588955,3.07999992370605,0.0,8,2,156,813
5577150313,4/9/2016,10494,7.84000015258789,7.84000015258789,0.0,4.90999984741211,0.779999971389771,2.15000009536743,0.0,123,62,138,601
5577150313,4/10/2016,9776,7.380000114440921,7.380000114440921,0.0,2.9300000667572004,1.42999994754791,3.0199999809265097,0.0,80,35,162,721
5577150313,4/11/2016,2862,2.14000010490417,2.14000010490417,0.0,1.03999996185303,0.25,0.839999973773956,0.0,39,17,54,209
6117666160,4/1/2016,7444,5.619999885559079,5.619999885559079,0.0,0.0,0.0,5.619999885559079,0.0,0,0,286,568
6117666160,4/2/2016,19658,14.8400001525879,14.8400001525879,0.0,0.239999994635582,2.08999991416931,12.5100002288818,0.0,3,30,475,466
6117666160,4/3/2016,0,0.0,0.0,0.0,0.0,0.0,0.0,0.0,0,0,0,1440
6117666160,4/4/2016,8468,6.389999866485599,6.389999866485599,0.0,0.180000007152557,0.639999985694885,5.57000017166138,0.0,2,11,279,1148
6117666160,4/5/2016,9910,7.48000001907349,7.48000001907349,0.0,0.0,0.0,7.48000001907349,0.0,0,0,384,990
6117666160,4/6/2016,12409,9.36999988555908,9.36999988555908,0.0,0.0,0.0,9.36999988555908,0.0,0,0,491,388
6117666160,4/7/2016,4853,3.66000008583069,3.66000008583069,0.0,0.0,0.0,3.66000008583069,0.0,0,0,156,770
6117666160,4/8/2016,8955,6.7600002288818395,6.7600002288818395,0.0,0.0,0.0,6.73000001907349,0.0,0,0,422,1018
6117666160,4/9/2016,10789,8.14999961853027,8.14999961853027,0.0,0.0,0.0,8.14999961853027,0.0,0,0,506,413
6117666160,4/10/2016,0,0.0,0.0,0.0,0.0,0.0,0.0,0.0,0,0,0,1440
6290855005,4/1/2016,6633,5.01000022888184,5.01000022888184,0.0,0.0,0.0,5.01000022888184,0.0,0,0,280,1160
6290855005,4/2/2016,9548,7.21999979019165,7.21999979019165,0.0,2.01999998092651,3.6800000667572004,1.5199999809265101,0.0,25,107,113,1195
6290855005,4/3/2016,0,0.0,0.0,0.0,0.0,0.0,0.0,0.0,33,0,0,1407
6290855005,4/4/2016,0,0.0,0.0,0.0,0.0,0.0,0.0,0.0,0,0,0,1440
6290855005,4/5/2016,0,0.0,0.0,0.0,0.0,0.0,0.0,0.0,0,0,0,1440
6290855005,4/6/2016,0,0.0,0.0,0.0,0.0,0.0,0.0,0.0,0,0,0,1440
6290855005,4/7/2016,0,0.0,0.0,0.0,0.0,0.0,0.0,0.0,0,0,0,1440
6290855005,4/8/2016,0,0.0,0.0,0.0,0.0,0.0,0.0,0.0,0,0,0,1440
6290855005,4/9/2016,0,0.0,0.0,0.0,0.0,0.0,0.0,0.0,0,0,0,1440
6290855005,4/10/2016,0,0.0,0.0,0.0,0.0,0.0,0.0,0.0,20,0,0,494
6391747486,4/1/2016,0,0.0,0.0,0.0,0.0,0.0,0.0,0.0,0,0,0,1440
6391747486,4/2/2016,2101,2.02999997138977,0.0,2.0277729034423797,2.02999997138977,0.0,0.0,0.0,46,0,0,1394
6391747486,4/3/2016,0,0.0,0.0,0.0,0.0,0.0,0.0,0.0,0,0,0,1440
6391747486,4/4/2016,0,0.0,0.0,0.0,0.0,0.0,0.0,0.0,0,0,0,1440
6391747486,4/5/2016,9766,7.5100002288818395,0.779999971389771,6.727056980133059,0.0,0.0500000007450581,7.46000003814697,0.0,0,6,301,1133
6391747486,4/6/2016,165,0.129999995231628,0.129999995231628,0.0,0.0,0.0,0.129999995231628,0.0,0,0,8,1432
6391747486,4/7/2016,0,0.0,0.0,0.0,0.0,0.0,0.0,0.0,0,0,0,1440
6391747486,4/8/2016,0,0.0,0.0,0.0,0.0,0.0,0.0,0.0,0,0,0,1440
6391747486,4/9/2016,0,0.0,0.0,0.0,0.0,0.0,0.0,0.0,0,0,0,198
6775888955,4/1/2016,7225,5.17999982833862,5.17999982833862,0.0,1.7300000190734899,1.26999998092651,2.1800000667572,0.0,25,50,163,1189
6775888955,4/2/2016,1988,1.42999994754791,1.42999994754791,0.0,0.0,0.0,1.42999994754791,0.0,0,0,79,909
6775888955,4/3/2016,1577,1.12999999523163,1.12999999523163,0.0,0.0700000002980232,0.8899999856948849,0.170000001788139,0.0,1,17,8,1414
6775888955,4/4/2016,0,0.0,0.0,0.0,0.0,0.0,0.0,0.0,0,0,0,1440
6775888955,4/5/2016,9348,6.699999809265139,6.699999809265139,0.0,1.12999999523163,2.03999996185303,3.14000010490417,0.0,56,133,240,1011
6775888955,4/6/2016,11761,8.43000030517578,8.43000030517578,0.0,1.30999994277954,2.44000005722046,4.67999982833862,0.0,24,99,300,550
6775888955,4/7/2016,13987,10.0299997329712,10.0299997329712,0.0,2.8699998855590803,3.33999991416931,3.8199999332427996,0.0,46,114,250,739
6775888955,4/8/2016,4131,2.9600000381469704,2.9600000381469704,0.0,1.37000000476837,0.610000014305115,0.980000019073486,0.0,27,30,75,1308
6775888955,4/9/2016,14,0.00999999977648258,0.00999999977648258,0.0,0.0,0.0,0.00999999977648258,0.0,0,0,1,601
6962181067,3/30/2016,15491,10.239999771118198,10.239999771118198,0.0,1.28999996185303,4.48999977111816,4.46000003814697,0.0,18,77,272,641
6962181067,3/31/2016,14097,9.31999969482422,9.31999969482422,0.0,3.5,1.91999995708466,3.9000000953674303,0.0,50,32,234,595
6962181067,4/1/2016,10467,6.98000001907349,6.98000001907349,0.0,0.699999988079071,2.4300000667572,3.8499999046325697,0.0,9,45,252,602
6962181067,4/2/2016,12437,8.300000190734862,8.300000190734862,0.0,3.75999999046326,1.28999996185303,3.24000000953674,0.0,50,24,219,732
6962181067,4/3/2016,12307,8.14000034332275,8.14000034332275,0.0,1.00999999046326,3.25999999046326,3.8699998855590803,0.0,14,51,218,589
6962181067,4/4/2016,18952,12.8000001907349,12.8000001907349,0.0,5.90999984741211,1.23000001907349,5.65999984741211,0.0,73,20,327,570
6962181067,4/5/2016,12010,7.94000005722046,7.94000005722046,0.0,2.38000011444092,0.9499999880790709,4.6100001335144,0.0,38,17,287,692
6962181067,4/6/2016,12480,8.85999965667725,8.25,3.97279500961304,4.17999982833862,0.6899999976158139,4.0,0.0,55,14,276,593
6962181067,4/7/2016,13417,9.64999961853027,8.86999988555908,1.9263019561767598,3.39000010490417,1.25,4.90999984741211,0.100000001490116,45,16,284,665
6962181067,4/8/2016,14400,10.880000114440902,9.52000045776367,5.45686388015747,2.47000002861023,2.8800001144409197,5.53000020980835,0.0,27,37,276,697
6962181067,4/9/2016,12495,8.26000022888184,8.26000022888184,0.0,2.2100000381469704,1.0900000333786,4.96000003814697,0.0,33,19,324,609
6962181067,4/10/2016,10148,6.71000003814697,6.71000003814697,0.0,1.36000001430511,0.219999998807907,5.13000011444092,0.0,19,7,306,679
6962181067,4/11/2016,12362,9.09000015258789,8.17000007629395,2.69645500183105,1.0900000333786,2.7300000190734903,5.269999980926509,0.0,21,38,297,678
6962181067,4/12/2016,5893,3.9000000953674303,3.9000000953674303,0.0,2.8800001144409197,0.560000002384186,0.46000000834465005,0.0,43,9,48,146
7007744171,4/1/2016,11680,9.0600004196167,7.80999994277954,4.901282787323,4.48999977111816,0.33000001311302196,4.23999977111816,0.0,50,7,244,1139
7007744171,4/2/2016,10976,7.34000015258789,7.34000015258789,0.0,0.550000011920929,0.6700000166893011,6.130000114440921,0.0,9,16,271,1075
7007744171,4/3/2016,16806,11.2399997711182,11.2399997711182,0.0,6.40999984741211,1.37000000476837,3.47000002861023,0.0,104,31,230,1002
7007744171,4/4/2016,15266,11.3999996185303,10.210000038147,5.189849853515629,5.800000190734861,0.7599999904632572,4.78999996185303,0.0500000007450581,70,21,292,1057
7007744171,4/5/2016,12084,9.14000034332275,8.07999992370605,4.83638000488281,4.3899998664856,0.46000000834465005,4.28999996185303,0.0,50,6,284,1030
7007744171,4/6/2016,13513,10.25,9.06999969482422,4.83572006225586,5.34999990463257,0.33000001311302196,4.55999994277954,0.0,64,8,270,1098
7007744171,4/7/2016,14100,10.5799999237061,9.43000030517578,4.87598991394043,5.09999990463257,1.19000005722046,4.2800002098083505,0.0,61,33,265,1015
7007744171,4/8/2016,12627,9.64999961853027,8.449999809265138,4.84231996536255,4.699999809265139,0.7400000095367428,4.21000003814697,0.0,54,22,301,1063
7007744171,4/9/2016,10345,6.92000007629395,6.92000007629395,0.0,0.0700000002980232,0.270000010728836,6.57999992370605,0.0,2,6,358,1074
7007744171,4/10/2016,10146,6.78999996185303,6.78999996185303,0.0,0.0700000002980232,0.610000014305115,6.110000133514401,0.0,1,12,397,1030
7007744171,4/11/2016,12168,8.14000034332275,8.14000034332275,0.0,1.04999995231628,0.790000021457672,6.28999996185303,0.0,18,27,375,1020
7007744171,4/12/2016,7413,5.76999998092651,4.96000003814697,4.8697829246521,4.5,0.34000000357627896,0.9399999976158141,0.0,53,6,43,405
7086361926,4/1/2016,11463,7.67000007629395,7.67000007629395,0.0,2.82999992370605,1.88999998569489,2.9300000667572004,0.0,38,30,154,777
7086361926,4/2/2016,87,0.0199999995529652,0.0199999995529652,0.0,0.0,0.0,0.00999999977648258,0.0,0,0,2,872
7086361926,4/3/2016,1949,1.30999994277954,1.30999994277954,0.0,0.23000000417232502,0.349999994039536,0.730000019073486,0.0,3,6,27,1404
7086361926,4/4/2016,6101,3.8699998855590803,3.8699998855590803,0.0,0.5299999713897711,0.23000000417232502,3.0999999046325697,0.0,31,24,138,1247
7086361926,4/5/2016,7478,4.98999977111816,4.98999977111816,0.0,1.79999995231628,0.5299999713897711,2.60999989509583,0.0299999993294477,25,33,132,1159
7086361926,4/6/2016,7352,4.730000019073491,4.730000019073491,0.0,1.4099999666213998,0.779999971389771,2.52999997138977,0.0,19,14,124,814
7086361926,4/7/2016,14604,10.8199996948242,10.8199996948242,0.0,7.23000001907349,1.12000000476837,2.4300000667572,0.0299999993294477,76,30,127,695
7086361926,4/8/2016,9634,6.51999998092651,6.51999998092651,0.0,2.5,1.39999997615814,2.58999991416931,0.0,50,48,140,797
7086361926,4/9/2016,7338,4.67000007629395,4.67000007629395,0.0,1.08000004291534,0.129999995231628,3.4600000381469704,0.0,27,5,204,717
7086361926,4/10/2016,569,0.349999994039536,0.349999994039536,0.0,0.0,0.0,0.34000000357627896,0.0,0,0,27,1368
7086361926,4/11/2016,6242,3.92000007629395,3.92000007629395,0.0,0.7400000095367428,0.23000000417232502,2.9300000667572004,0.0,46,22,126,741
7086361926,4/12/2016,430,0.259999990463257,0.259999990463257,0.0,0.0,0.0,0.259999990463257,0.0,0,0,14,75
8053475328,4/2/2016,20188,15.619999885559098,15.619999885559098,0.0,12.0600004196167,0.8500000238418579,2.7100000381469704,0.0,124,19,172,1125
8053475328,4/3/2016,25701,20.1399993896484,20.1399993896484,0.0,16.8199996948242,1.62999999523163,1.6900000572204599,0.0,165,36,97,1142
8053475328,4/4/2016,17395,13.210000038147,13.210000038147,0.0,9.670000076293949,0.180000007152557,3.3499999046325697,0.0,100,4,213,1123
8053475328,4/5/2016,17167,13.4099998474121,13.4099998474121,0.0,9.96000003814697,0.31000000238418607,3.14000010490417,0.0,98,8,184,1150
8053475328,4/6/2016,16435,12.4200000762939,12.4200000762939,0.0,8.96000003814697,0.550000011920929,2.91000008583069,0.0,100,14,191,1135
8053475328,4/7/2016,17078,13.1999998092651,13.1999998092651,0.0,9.97000026702881,0.239999994635582,2.99000000953674,0.0,101,6,190,1143
8053475328,4/8/2016,11693,9.53999996185303,9.53999996185303,0.0,6.76999998092651,0.259999990463257,2.5,0.0,60,6,153,1221
8053475328,4/9/2016,11159,9.14000034332275,9.14000034332275,0.0,6.69000005722046,0.25,2.19000005722046,0.0,59,6,120,1255
8053475328,4/10/2016,10118,7.73000001907349,7.73000001907349,0.0,3.04999995231628,0.8000000119209291,3.8800001144409197,0.0,30,18,207,1185
8053475328,4/11/2016,16064,12.720000267028801,12.720000267028801,0.0,9.97999954223633,0.36000001430511497,2.38000011444092,0.0,96,8,155,1181
8053475328,4/12/2016,290,0.209999993443489,0.209999993443489,0.0,0.0,0.0,0.209999993443489,0.0,0,0,16,599
8253242879,4/1/2016,0,0.0,0.0,0.0,0.0,0.0,0.0,0.0,0,0,0,1440
8253242879,4/2/2016,0,0.0,0.0,0.0,0.0,0.0,0.0,0.0,0,0,0,1440
8253242879,4/3/2016,0,0.0,0.0,0.0,0.0,0.0,0.0,0.0,0,0,0,1440
8253242879,4/4/2016,0,0.0,0.0,0.0,0.0,0.0,0.0,0.0,0,0,0,1440
8253242879,4/5/2016,0,0.0,0.0,0.0,0.0,0.0,0.0,0.0,0,0,0,1440
8253242879,4/6/2016,1931,1.27999997138977,1.27999997138977,0.0,0.0,0.0,1.27999997138977,0.0,0,0,94,1346
8253242879,4/7/2016,5181,3.42000007629395,3.42000007629395,0.0,1.0,0.910000026226044,1.5099999904632602,0.00999999977648258,15,15,107,1303
8253242879,4/8/2016,12026,9.14999961853027,9.14999961853027,0.0,5.699999809265139,0.930000007152557,2.50999999046326,0.0,47,13,150,1230
8253242879,4/9/2016,5360,3.5399999618530296,3.5399999618530296,0.0,0.540000021457672,1.54999995231628,1.46000003814697,0.0,8,28,148,1256
8253242879,4/10/2016,2545,1.67999994754791,1.67999994754791,0.0,0.0,0.0,1.66999995708466,0.0199999995529652,0,0,126,1314
8253242879,4/11/2016,1636,1.08000004291534,1.08000004291534,0.0,0.0,0.0,1.08000004291534,0.0,0,0,86,1139
8253242879,4/12/2016,0,0.0,0.0,0.0,0.0,0.0,0.0,0.0,0,0,0,1440
8378563200,4/1/2016,14179,11.2399997711182,11.2399997711182,0.0,6.23000001907349,1.05999994277954,3.9600000381469704,0.0,73,21,195,719
8378563200,4/2/2016,3358,2.66000008583069,2.66000008583069,0.0,0.0,0.0,2.66000008583069,0.0,0,0,144,657
8378563200,4/3/2016,9152,7.2600002288818395,7.2600002288818395,0.0,1.9900000095367398,0.819999992847443,4.449999809265139,0.0,25,13,243,600
8378563200,4/4/2016,13935,11.0500001907349,11.0500001907349,2.0921471118926998,4.09000015258789,0.790000021457672,6.17000007629395,0.0,105,16,220,658
8378563200,4/5/2016,12846,10.1899995803833,10.1899995803833,2.25308108329773,5.0,0.75,4.44000005722046,0.0,113,15,189,686
8378563200,4/6/2016,9124,7.2399997711181605,7.2399997711181605,2.0921471118926998,0.0,0.25,6.9899997711181605,0.0,55,6,230,728
8378563200,4/7/2016,9725,7.71000003814697,7.71000003814697,2.25308108329773,2.41000008583069,0.5299999713897711,4.769999980926509,0.0,83,11,181,670
8378563200,4/8/2016,8350,6.619999885559079,6.619999885559079,2.0921471118926998,1.4900000095367398,0.5299999713897711,4.6100001335144,0.0,72,10,167,868
8378563200,4/9/2016,2240,1.7799999713897698,1.7799999713897698,0.0,0.0,0.0,1.7799999713897698,0.0,0,0,110,843
8378563200,4/10/2016,2631,2.08999991416931,2.08999991416931,0.0,0.0,0.0,2.08999991416931,0.0,0,0,117,727
8378563200,4/11/2016,8837,7.0100002288818395,7.0100002288818395,2.0921471118926998,1.53999996185303,0.879999995231628,4.59000015258789,0.0,74,17,182,811
8378563200,4/12/2016,3246,2.5699999332428,2.5699999332428,2.25308108329773,0.8299999833106991,0.709999978542328,1.02999997138977,0.0,65,15,49,243
8583815059,4/1/2016,2174,1.70000004768372,1.70000004768372,0.0,0.0,0.0,1.70000004768372,0.0,0,0,112,1328
8583815059,4/2/2016,3494,2.7300000190734903,2.7300000190734903,0.0,0.0,0.0,2.6900000572204603,0.0,0,0,166,1274
8583815059,4/3/2016,2380,1.86000001430511,1.86000001430511,0.0,0.0,0.0,1.86000001430511,0.0,0,0,131,1309
8583815059,4/4/2016,3159,2.4600000381469704,2.4600000381469704,0.0,0.0,0.0,2.4600000381469704,0.0,0,0,147,1293
8583815059,4/5/2016,6835,5.32999992370605,5.32999992370605,0.0,0.370000004768372,0.730000019073486,4.23999977111816,0.0,5,15,212,1208
8583815059,4/6/2016,2098,1.63999998569489,1.63999998569489,0.0,0.0,0.0,1.62999999523163,0.0,0,0,112,1328
8583815059,4/7/2016,2816,2.2000000476837203,2.2000000476837203,0.0,0.0,0.0,2.2000000476837203,0.0,0,0,138,1302
8583815059,4/8/2016,1408,1.1000000238418601,1.1000000238418601,0.0,0.0,0.0,1.1000000238418601,0.0,0,0,79,1052
8792009665,4/1/2016,4592,2.9400000572204603,2.9400000572204603,0.0,0.100000001490116,0.14000000059604598,2.70000004768372,0.0,4,8,176,748
8792009665,4/2/2016,8452,5.40999984741211,5.40999984741211,0.0,0.259999990463257,0.38999998569488503,4.76000022888184,0.0,9,24,328,1079
8792009665,4/3/2016,7238,4.63000011444092,4.63000011444092,0.0,0.10999999940395402,0.23000000417232502,4.28999996185303,0.0,2,6,279,636
8792009665,4/4/2016,3821,2.4500000476837203,2.4500000476837203,0.0,0.0,0.219999998807907,2.2300000190734903,0.0,0,9,161,675
8792009665,4/5/2016,2332,1.4900000095367398,1.4900000095367398,0.0,0.00999999977648258,0.180000007152557,1.29999995231628,0.0,1,10,111,904
8792009665,4/6/2016,2121,1.36000001430511,1.36000001430511,0.0,0.0,0.0,1.36000001430511,0.0,0,0,122,855
8792009665,4/7/2016,1291,0.8299999833106991,0.8299999833106991,0.0,0.0,0.0,0.8299999833106991,0.0,0,0,77,888
8792009665,4/8/2016,1467,0.9399999976158141,0.9399999976158141,0.0,0.100000001490116,0.209999993443489,0.6299999952316279,0.0,2,8,71,912
8792009665,4/9/2016,1022,0.6499999761581421,0.6499999761581421,0.0,0.0,0.0,0.6499999761581421,0.0,0,0,63,739
8792009665,4/10/2016,4605,2.95000004768372,2.95000004768372,0.0,0.0,0.0,2.95000004768372,0.0,0,0,179,1261
8792009665,4/11/2016,178,0.10999999940395402,0.10999999940395402,0.0,0.0,0.0,0.10999999940395402,0.0,0,0,12,1428
8792009665,4/12/2016,20,0.00999999977648258,0.00999999977648258,0.0,0.0,0.0,0.00999999977648258,0.0,0,0,6,598
8877689391,4/1/2016,18700,15.8199996948242,15.8199996948242,0.0,8.699999809265138,0.159999996423721,6.90999984741211,0.0,67,3,247,1123
8877689391,4/2/2016,27572,23.3899993896484,23.3899993896484,0.0,14.720000267028801,1.21000003814697,7.34000015258789,0.00999999977648258,116,24,260,1040
8877689391,4/3/2016,15260,8.189999580383299,8.189999580383299,0.0,1.79999995231628,0.75,5.57000017166138,0.0,106,17,259,1058
8877689391,4/4/2016,20779,18.409999847412102,18.409999847412102,0.0,11.729999542236301,0.6499999761581421,6.0,0.0,78,16,208,1138
8877689391,4/5/2016,10695,8.11999988555908,8.11999988555908,0.0,0.769999980926514,0.180000007152557,7.09000015258789,0.00999999977648258,10,3,246,1181
8877689391,4/6/2016,24136,20.909999847412102,20.909999847412102,0.0,12.220000267028801,0.540000021457672,8.07999992370605,0.0,87,16,318,1019
8877689391,4/7/2016,10910,8.42000007629395,8.42000007629395,0.0,2.9600000381469704,0.38999998569488503,5.03000020980835,0.0,32,11,212,1185
8877689391,4/8/2016,23014,20.3899993896484,20.3899993896484,0.0,11.1000003814697,0.6299999952316279,8.61999988555908,0.0,70,29,359,982
8877689391,4/9/2016,16470,8.06999969482422,8.06999969482422,0.0,0.0,0.0199999995529652,8.02000045776367,0.0,90,9,289,1052
8877689391,4/10/2016,28497,27.530000686645497,27.530000686645497,0.0,21.9200000762939,1.12000000476837,4.46000003814697,0.0,128,46,211,1055
8877689391,4/11/2016,10622,8.060000419616701,8.060000419616701,0.0,1.4700000286102302,0.150000005960464,6.369999885559079,0.00999999977648258,18,7,225,1190
8877689391,4/12/2016,2350,1.7799999713897698,1.7799999713897698,0.0,0.0,0.0,1.7799999713897698,0.0,0,0,58,531
